chapter_name,state_province,country,url,status,method,title,text_length,content_preview
PMI Central Alabama Chapter,Alabama,US,https://pmicac.org/,OK,requests_polite,Welcome | PMI Central Alabama,7515,"Welcome to | PMI Central Alabama Chapter | The PMI Central Alabama Chapter is based in Birmingham, Alabama, USA, and is home to over 700 members who are interested in the Project Management discipline.  We provide education and training opportunities at reduced rates to members, assistance with the atta"
PMI North Alabama Chapter,Alabama,US,https://pmi-nac.org/,FAILED,all_failed,,0,
PMI Alaska Chapter,Alaska,US,https://pmiak.org/,OK,requests_polite,Welcome to PMI Alaska Chapter | PMI Alaska Chapter,5199,Welcome to PMI's | Alaska Chapter | Become a member and take advantage of the knowledge and networking available near you through our PMI chapter. | Become a Member | Calendar | April | Sun | Mon | Tue | Wed | Thu | Fri | Sat | 1 | 2 | 3 | 4 | 5 | 6 | 7 | 8 | 9 | 10 | 11 | 12 | 13 | 14 | 15 | 16 | 17 | 18 | 19 | 20 | 21 | 22 | 23 | 24 | 25 | 26 | 27 | 28 | 29 | 30 | April | 14 | th
PMI Phoenix Chapter,Arizona,US,https://pmiphx.org/,OK,requests_polite,Welcome to PMI Arizona Chapter,12911,"Welcome to the PMI Arizona Chapter | Where Project Leaders Thrive – Learn, Lead, and Elevate in Arizona | Join the Chapter | Apply to be a Volunteer | Subscribe to Communications | Upcoming Events | Educational events | Communicating Authentically Through AI | 04-14-2026 | 5:30 pm | - | 7:30 pm | TUSD Howenstine build"
PMI Central Arkansas Chapter,Arkansas,US,https://pmiarkansas.org/,FAILED,all_failed,,0,
PMI Northwest Arkansas Chapter,Arkansas,US,https://nwapmi.org/,FAILED,all_failed,,0,
PMI San Francisco Bay Area Chapter,California,US,https://pmisfbac.org/,OK,requests_polite,Project Management Institute San Francisco Bay Area Chapter,7067,"Welcome to the | PMI San Francisco Bay Area Chapter | Become a member >> | Today | April | Sun | Mon | Tue | Wed | Thu | Fri | Sat | 1 | 2 | 3 | 4 | 5 | 6 | 7 | 8 | 9 | 10 | 11 | 12 | 13 | 14 | 15 | 16 | 17 | 18 | 19 | 20 | 21 | 22 | 23 | 24 | 25 | 26 | 27 | 28 | 29 | 30 | April | 13 | th | , | 2026 | Hyperdrive's Certified Scrum Product Owner® (CSPO®) - 1/2 Day Schedule | Hyperdrive's Certi"
PMI Silicon Valley Chapter,California,US,https://pmisv.org/,OK,playwright,Robot Challenge Screen,47,pmisv.org | Checking the site connection security
PMI Los Angeles Chapter,California,US,https://pmi-la.org/,OK,requests_polite,Home | PMI Los Angeles,5655,"Multi-Chapter | How to Communicate with Confidence and Humor | April 14th, 2026 10:00AM to 11:00AM | Register Here | Multi-Chapter | Mentorship Series - Leadership in Complex Systems: EI, Ethics, and Influence | April 17th, 2026 3:00PM to 4:00PM | FEATURED JOBS | Link to the PMI Global Job Board | PMI Los Angele"
PMI Orange County Chapter,California,US,https://pmi-oc.org/,OK,requests_polite,Welcome | PMI Orange County,6086,Read more | Read more | Read more | Read more | Read more | Read more | Read more | Read more | Read more | Read more | Read more | Read more | PMI-OC Sponsors  >> | (click logo for information) | PMI Orange County Special Programs | PMI-OC Professional Development Day 2025 | PMP/CAPM Exam Prep Workshops | PMI-OC Book Club | PMI
PMI San Diego Chapter,California,US,https://pmi-sd.org/,FAILED,all_failed,,0,
PMI Sacramento Valley Chapter,California,US,https://pmi-svc.org/,OK,requests_polite,Welcome | PMI Sacramento,4937,"PMI Sacramento Valley Events Calendar | April | Sun | Mon | Tue | Wed | Thu | Fri | Sat | 1 | 2 | 3 | 4 | 5 | 6 | 7 | 8 | 9 | 10 | 11 | 12 | 13 | 14 | 15 | 16 | 17 | 18 | 19 | 20 | 21 | 22 | 23 | 24 | 25 | 26 | 27 | 28 | 29 | 30 | April | 14 | th | , | 2026 | Women in Project Management Roundtable Forum | The Project Management Institute, Sacramento Valley Chapter (PMI-SVC) Women in .."
PMI Monterey Bay Chapter,California,US,https://pmi-mbay.org/,OK,requests_polite,Welcome | PMI Monterey Bay,641,"Upcoming Events | April | 16 | 2026 | Free | Sea Otter Classic Volunteer Opportunity | April 16th to April 19th, 2026 | 8:00AM to 11:00PM | Laguna Seca | Come volunteer under the PMI Monterey Bay chapter umbrella to work at the Sea Otter Classic at Laguna Seca. Our chapter gets additional funding for our efforts!"
PMI Wine Country Chapter,California,US,https://pmi-wcc.org/,OK,requests_polite,Welcome to PMI Wine Country | PMI Wine Country Chapter,2349,"Welcome to | PMI Wine Country Chapter | WCC is the Wine Country Chapter of the Project Management Institute (PMI) which was chartered as a chapter in 2000. The WCC serves PMI members in the Marin, Sonoma, Lake, Mendocino, Humboldt, Trinity and Del Norte counties. | More about the chapter | Upcoming events"
PMI California Central Coast Chapter,California,US,https://pmi-4c.org/,OK,requests_polite,Home | PMI California Central Coast Chapter,1739,"Welcome to | PMI California Central Coast Chapter (PMI-4C) | About the chapter | Upcoming Events | April | 23 | 2026 | Beyond the Title: Managing Your Career Like a Strategic Portfolio  GUEST SPEAKER: Amy Timmins, JD | April 23rd, 2026 | 6:30PM to 8:30PM | Zoom | Learn how to manage your career like a strategic port"
PMI California Central Valley Chapter,California,US,https://pmi-ccvc.org/,OK,requests_polite,Welcome | PMI California Central Valley,1595,"LEARN MORE | LEARN MORE | LEARN MORE | LEARN MORE | Looking for PMI Certification Training? | Check out our Leading Training Partners | ATP Training Partners | FEATURED EVENTS | April | 15 | 2026 | $15.00 | Finishing What Matters: Applying PM Discipline to Your Personal Projects - Bakersfield | April 15th, 2026 | 6:00PM to"
PMI California Inland Empire Chapter,California,US,https://pmicie.org/,OK,requests_polite,Welcome to PMI California Inland Empire Chapter,4413,Welcome to PMI California Inland Empire Chapter | PMI California Inland Empire Chapter welcomes you. Please join the chapter and avail all the exclusive benefits. | Welcome to PMI California Inland Empire Chapter | PMI California Inland Empire Chapter welcomes you. Please join the chapter and avail all
PMI Mile Hi Chapter,Colorado,US,https://pmimilehi.org/,OK,requests_polite,Welcome to PMI Mile Hi Chapter,5627,"Welcome to | The PMI Mile Hi Chapter | ﻿ | ﻿ | ﻿ | The PMI Mile Hi Chapter is a leading professional organization dedicated to advancing the practice of project management in the Rocky Mountain region. As a vibrant community of project management professionals, the chapter offers a wealth of resources, includ"
Southern New England Chapter of PMI,Connecticut,US,https://snec-pmi.org/,FAILED,all_failed,,0,
PMI Delaware Valley Chapter,Delaware/Pennsylvania,US,https://pmi-dvc.org/,OK,requests_polite,Welcome | PMI Delaware Valley Chapter,5506,"Join the Delaware Valley Chapter | Explore Special Interest Groups | Grab an Oar! Join the Chapter's Volunteer Team. | PMBOK 8 draft is available for review and comments | April | Sun | Mon | Tue | Wed | Thu | Fri | Sat | 1 | 2 | 3 | 4 | 5 | 6 | 7 | 8 | 9 | 10 | 11 | 12 | 13 | 14 | 15 | 16 | 17 | 18 | 19 | 20 | 21 | 22 | 23 | 24 | 25 | 26 | 27 | 28 | 29 | 30 | April | 14 | th | , | 2026"
PMI Central Florida Chapter,Florida,US,https://pmicfl.org/,FAILED,all_failed,,0,
PMI South Florida Chapter,Florida,US,https://southfloridapmi.org/,FAILED,all_failed,,0,
PMI Northeast Florida Chapter,Florida,US,https://pmi-nefl.org/,FAILED,all_failed,,0,
PMI Tampa Bay Chapter,Florida,US,https://pmitb.org/,OK,requests_polite,Welcome | PMI Tampa Bay,6021,"Welcome to the | PMI Tampa Bay Chapter | Join us for an Upcoming Event: | April | 14 | 2026 | $2.00 | Building the Business Case for AI | April 14th, 2026 | 12:00PM to 1:00PM | Virtual | Artificial Intelligence is reshaping how organizations deliver value, make decisions, and engage teams. Without a clear, aligned b"
PMI Florida Suncoast Chapter,Florida,US,https://suncoastpmi.org/,FAILED,all_failed,,0,
PMI Space Coast Chapter,Florida,US,https://pmispacecoast.org/,OK,requests_polite,"Welcome | PMI Space Coast, Florida",3433,"Welcome to the | PMI Space Coast FL Chapter | PMI Space Coast Florida Chapter | is proud to represent and support Project Management Professionals based in and around Brevard County, Florida. We work together with Project Management Institute to provide local networking, social, and professional developme"
PMI Tallahassee Chapter,Florida,US,https://pmitlh.org/,OK,requests_polite,"Welcome | PMI Tallahassee, Florida",2571,"Monday June 1, 2026 at 6:00PM | June 2026 Chapter Meeting:  Featuring Heather Nelson, Senior Aviation Construction Project Representative at Kimley-Horn | Grow Your Skills | It is particularly important for Project Managers to maintain and improve their project management knowledge and skills to stay comp"
PMI Emerald Coast Chapter,Florida,US,https://pmiemeraldcoastfl.org/,FAILED,all_failed,,0,
PMI Atlanta Chapter,Georgia,US,https://pmiatlanta.org/,OK,requests_polite,PMI Atlanta Chapter - Welcome to PMI Atlanta Chapter,8054,"Upcoming Events | Apr | 18 | Career Series Event: Brand and Land ChatGPT for Project Management Workshop | Apr | 21 | Special Interest Joint Dinner Meeting: ""The AI Paradox:  Why Faster Coding Fails Without the Predictable Outcome Model & Blueprint"" | Apr | 23 | PMI Atlanta Toastmasters (Virtual) Meeting - 2"
PMI Savannah Chapter,Georgia,US,https://pmisavannah.org/,OK,requests_polite,"Welcome | PMI Savannah, GA Chapter",4228,"Welcome to the | PMI Savannah, GA Chapter | Upcoming Events | April | 23 | 2026 | $5.00 | Inside the MetaPlant | April 23rd, 2026 | 5:30PM to 8:15PM | Hyundai Mobility Training Center | [Click here for Map and Directions] | An exclusive evening at the Georgia Quick Start Training Center supporting Hyundai Motor Group M"
PMI Columbus GA Chapter,Georgia,US,https://pmicolumbusga.org/,FAILED,all_failed,,0,
PMI Hawaii Chapter,Hawaii,US,https://www.pmihi.org/,OK,requests_polite,Hawaii Chapter | PMI Hawaii,3790,"Since 1997 | PMI Hawaii Chapter | EVENTS CALENDAR | Tuesday April 14, 2026 at 6:00AM | PMI-PMO Certified Professional (PMOCP) Exam Prep - Virtual | Friday April 17, 2026 at 12:00PM | Multi-Chapter PMIHI MI Mentorship Series - Leadership in Complex Systems: EI, Ethics, and Influence | Saturday May 2, 2026 at 6:00A"
PMI Eastern Idaho Chapter,Idaho,US,https://eastidahopmi.org/,FAILED,all_failed,,0,
PMI Western Idaho Chapter,Idaho,US,https://pmiwic.org/,FAILED,all_failed,,0,
PMI Chicagoland Chapter,Illinois,US,https://pmichicagoland.org/,FAILED,all_failed,,0,
PMI Central Indiana Chapter,Indiana,US,https://pmicic.org/,OK,requests_polite,Welcome to PMI Central Indiana | PMI Central Indiana Chapter,3185,"Since 1988 | Welcome to PMI Central Indiana! | Empowering Indiana’s Project Professionals to Learn, Connect, and Lead | Attend a Chapter Event >> | Upcoming events | Tuesday April 14, 2026 at 11:45AM | Managing Your Career Path Like a Project [Lunch & Learn] | Tuesday April 21, 2026 at 5:00PM | Project on Purpose:"
PMI Calumet Chapter,Indiana,US,https://pmi-calumet.org/,FAILED,all_failed,,0,
PMI Michiana Chapter,Indiana,US,https://pmimichiana.org/,OK,requests_polite,Welcome | PMI Michiana Chapter,3243,"April | Sun | Mon | Tue | Wed | Thu | Fri | Sat | 1 | 2 | 3 | 4 | 5 | 6 | 7 | 8 | 9 | 10 | 11 | 12 | 13 | 14 | 15 | 16 | 17 | 18 | 19 | 20 | 21 | 22 | 23 | 24 | 25 | 26 | 27 | 28 | 29 | 30 | April | 23 | rd | , | 2026 | Special Event - Stage Management at South Bend Civic Theatre | Join us on a special night to learn about stage management and what aspects of ... | Special Event - Stage"
PMI Northeast Indiana Chapter,Indiana,US,https://pmi-neic.org/,FAILED,all_failed,,0,
PMI Southwestern Indiana Chapter,Indiana,US,https://pmiswic.org/,OK,requests_polite,Welcome | PMI Southwestern Indiana,4511,"Welcome to the | PMI Southwestern Indiana Chapter | The Southwestern Indiana Chapter of the Project Management Institute obtained its charter in March 1998 and Incorporated on 20 September 2000. Our members come from Indiana, Illinois, and Kentucky. We are dedicated to providing opportunities for indivi"
PMI Central Iowa Chapter,Iowa,US,https://pmi-centraliowa.org/,OK,requests_polite,Home | PMI Central Iowa Chapter,1395,"Welcome to | The PMI Central Iowa Chapter | About Us | Upcoming Events Calendar | Friday April 24, 2026 at 7:30AM | 2026 Professional Development Day | Military | Most, if not all, military members take some part in project management activities. Learn the PMI language and put your skills to work for you. | Explor"
PMI Eastern Iowa Chapter,Iowa,US,https://pmieasterniowa.org/,OK,requests_polite,Welcome | PMI Eastern Iowa,3154,"Welcome to | PMI Eastern Iowa Chapter | Become a Member | Upcoming Events! | April | Sun | Mon | Tue | Wed | Thu | Fri | Sat | 1 | 2 | 3 | 4 | 5 | 6 | 7 | 8 | 9 | 10 | 11 | 12 | 13 | 14 | 15 | 16 | 17 | 18 | 19 | 20 | 21 | 22 | 23 | 24 | 25 | 26 | 27 | 28 | 29 | 30 | April | 21 | st | , | 2026 | PMI EIC Educational Summit 2026 | PMI EIC Educational Summit 2026 | Upcoming Events | April | 21 | 2026"
PMI Quad City Area Chapter,Iowa,US,https://pmiqc.org/,FAILED,all_failed,,0,
PMI Heartland Chapter,Iowa/Nebraska,US,https://pmiheartland.org/,OK,requests_polite,Home | PMI Heartland,2828,"Serving Eastern NE and Wester IA Regions | PMI Heartland Nebraska/Iowa Chapter | ""To serve our Community and the project management professionals who support it."" | Get Involved | Upcoming Events | Thursday April 16, 2026 at 11:00AM | The Practical Use of AI in Project Management | Tuesday June 16, 2026 at 8:00A"
PMI Wichita Chapter,Kansas,US,https://pmiwichita.org/,OK,requests_polite,"Welcome | PMI Wichita, Kansas Chapter",1853,"Welcome to PMI Wichita Chapter | Become a member and take advantage of the knowledge and networking available near you through our PMI chapter. | Membership & Resources | Upcoming Events | Tuesday April 21, 2026 at 5:30PM | Chapter Open House | Membership Statistics | PMP Members | 139 | This Year New Members | 34 | CAP"
PMI Kentuckiana Chapter,Kentucky,US,https://kipmi.org/,OK,requests_polite,Welcome | Project Management Institute Kentuckiana (KIPMI),1638,"Project Management Institute Kentuckiana (KIPMI) | Uniting Kentuckiana's leaders to advance the art and science of project management. | Join Our Mentoring Program | Thursday April 16, 2026 at 5:30PM | [Virtual] - April Chapter Event: Power of the Pivot - Growing through Uncertainty and the Unexpected | Thurs"
PMI Kentucky Bluegrass Chapter,Kentucky,US,https://pmibluegrass.org/,FAILED,all_failed,,0,
PMI Baton Rouge Chapter,Louisiana,US,https://pmibatonrouge.org/,FAILED,all_failed,,0,
PMI Greater New Orleans Chapter,Louisiana,US,https://pmigno.org/,OK,requests_polite,Welcome | PMI Greater New Orleans,663,Welcome to the | PMI Greater New Orleans Chapter | No events to display | Membership Statistics | PMP Members | 221 | This Year New Members | 36 | CAPM Members | 13 | PMI-RMP Members | 1 | Total Members | 398 | Members with No Certification | 167 | Student | 25 | PMI-ACP Members | 11 | PMI-SP Members | 3 | PfMP Members | 1 | PMI-PBA Members | 1 | PgM
PMI Northern Louisiana Chapter,Louisiana,US,https://pminorthernla.org/,FAILED,all_failed,,0,
PMI Maine Chapter,Maine,US,https://pmimaine.org/,FAILED,all_failed,,0,
PMI Baltimore Chapter,Maryland,US,https://pmibaltimore.org/,OK,requests_polite,PMI Baltimore Chapter – Dedicated to Educating Project Managers,4814,Welcome to | PMI Baltimore Chapter | We are a non-profit organization dedicated to educating Project Managers and promoting professionalism in Project Management. | Discover More | Authorized Training | Partner with PMI | We have a wide range of educational offerings to our membership & non-members includin
PMI Montgomery County MD Chapter,Maryland,US,https://pmimontgomerycountymd.org/,OK,playwright,Visitor anti-robot validation,600,"German | English | Spanish | French | Greek | Hungarian | Bahasa Indonesia | Italian | Dutch | Polish | Portuguese | Russian | Turkish | Vietnamese | Danish | Arabic | Japanese | Dear visitor | To continue browsing and help us fight cybercrime, please solve the | CAPTCHA | you see below. | Your IP address | : | 68.220.57.98 | Your IP address"
PMI Silver Spring Chapter,Maryland,US,https://pmissc.org/,FAILED,all_failed,,0,
PMI Southern Maryland Chapter,Maryland,US,https://pmisomd.org/,OK,requests_polite,Welcome | PMI Southern Maryland,4607,"Welcome to the | PMI Southern Maryland Chapter | Upcoming Events | April | Sun | Mon | Tue | Wed | Thu | Fri | Sat | 1 | 2 | 3 | 4 | 5 | 6 | 7 | 8 | 9 | 10 | 11 | 12 | 13 | 14 | 15 | 16 | 17 | 18 | 19 | 20 | 21 | 22 | 23 | 24 | 25 | 26 | 27 | 28 | 29 | 30 | April | 30 | th | , | 2026 | 2026 UMD Project Management Symposium | University of Maryland - 2026 Project Management Symposium | April"
PMI Mass Bay Chapter,Massachusetts,US,https://www.pmimassbay.org/,OK,requests_polite,"Project Management Institute, Mass Bay – PMI Mass Bay Chapter",2865,"Welcome to PMI Mass Bay Chapter | We are the Project Management Institute’s regional membership chapter serving Boston and all of Eastern Massachusetts. We are a member-managed association with over 3,000+ active members. | Become a Member | Contact Us | Speed Mentoring | Boost your career quickly with S"
PMI Central Massachusetts Chapter,Massachusetts,US,https://pmicmass.org/,OK,requests_polite,Welcome | PMI Central Mass,2974,"Welcome to the | PMI Central Massachusetts Chapter | Central to your success! | Upcoming Events | Join Us! | Explore our Calendar of Events | Chapter meetings are held on the | second Tuesday | of the month. The meetings offer time for networking, chapter news, as well as our featured speaker's presentation. Everyo"
PMI Great Lakes Chapter,Michigan,US,https://pmiglc.org/,OK,requests_polite,Home | PMI Great Lakes Chapter,2731,"Welcome to | PMI Great Lakes | PMI Great Lakes is a professional organization located in the Detroit Metro area, and committed to advancing the project management skills of its approximately 2000 members. | Learn More | Upcoming Events | April | Sun | Mon | Tue | Wed | Thu | Fri | Sat | 1 | 2 | 3 | 4 | 5 | 6 | 7 | 8 | 9 | 10 | 11 | 12 | 13 | 14 | 15"
PMI Michigan Huron Valley Chapter,Michigan,US,https://pmi-hvc.org/,OK,requests_polite,"PMI Michigan Huron Valley Chapter (Ann Arbor, MI Area) | PMI Michigan Huron Valley",3035,"Welcome to | Michigan Huron Valley Chapter | Ann Arbor, MI 48106 USA | FREE ProjectBites for Members (Must be logged in as Member) | What do we have planned this month? | April | Sun | Mon | Tue | Wed | Thu | Fri | Sat | 1 | 2 | 3 | 4 | 5 | 6 | 7 | 8 | 9 | 10 | 11 | 12 | 13 | 14 | 15 | 16 | 17 | 18 | 19 | 20 | 21 | 22 | 23 | 24 | 25 | 26 | 27 | 28 | 29 | 30 | 16 | April | 2026 | April"
PMI Western Michigan Chapter,Michigan,US,https://wmpmi.org/,OK,requests_polite,Home | PMI Western Michigan,1209,"West Michigan's Project Leadership Hub | WMPMI connects project professionals, employers, universities, and emerging talent to strengthen the leadership capacity behind West Michigan’s most important work. | Join the WMPMI Chapter | Upcoming Events | April | 14 | 2026 | theProject Collegiate Competition Event D"
PMI Minnesota Chapter,Minnesota,US,https://www.pmi-mn.org/,OK,requests_polite,Home | PMI Minnesota,3466,"Upcoming Events | ❮ | Free | April 2026 - Collaboration with MN and WI Chapters - Hybrid Event | Project, Program, and Portfolio Management (PPM) has evolved significantly since PMI was established over 55 years ago.  This evolution has ... | Wed, Apr 15 2026, 5:30 | - | 7pm | Learn More | Paid | April Dinner:"
PMI Central Mississippi Chapter,Mississippi,US,https://pmicms.org/,OK,requests_polite,Welcome | PMI Central Mississippi,6958,"Welcome to the | Central Mississippi Chapter | Upcoming Events | April | Sun | Mon | Tue | Wed | Thu | Fri | Sat | 1 | 2 | 3 | 4 | 5 | 6 | 7 | 8 | 9 | 10 | 11 | 12 | 13 | 14 | 15 | 16 | 17 | 18 | 19 | 20 | 21 | 22 | 23 | 24 | 25 | 26 | 27 | 28 | 29 | 30 | April | 21 | st | , | 2026 | April 2026 Online Chapter Meeting | A glimpse into how AI transforms Project Management | April 2026 Online"
PMI Metro St. Louis Chapter,Missouri,US,https://pmimsl.org/,OK,requests_polite,Welcome to PMI Metro St. Louis Chapter,6781,"Welcome to | The PMI Metro St. Louis Chapter | The PMI Metropolitan St. Louis Chapter vision is to increase the awareness and value of professional project management for practitioners and organizations in the community we serve. | Read More | Member Since 1994! | Our longest continual PMIMSL member, Steven"
PMI Mid-Missouri Chapter,Missouri,US,https://pmimidmo.org/,OK,requests_polite,Welcome | PMI Mid-Missouri,3674,"Welcome to PMI Mid-Missouri Chapter | March-April 2026 Newsletter | Upcoming Events | March | 1 | 2026 | 2026 - Mar-April Newsletter Sponsorship | March 1st to April 30th, 2026 | 6:00AM to 11:00PM | Providing your company's advertisement in PMI Mid-MO Chapter's Newsletter is greatly appreciated. This will provide"
PMI KC Mid-America Chapter,Missouri,US,https://pmikc.org/,OK,requests_polite,Welcome | PMI KC Mid-America,4016,"Welcome to the | PMI KC Mid America Chapter | Upcoming Events | Wednesday April 15, 2026 at 6:30PM | April CMM (Virtual) | Friday April 17, 2026 at 6:00PM | New Member Orientation | Thursday April 23, 2026 at 6:00PM | From Clash to Consensus: Mastering the Keys to Resolving Project Conflicts | Upcoming Events | April"
PMI Montana Chapter,Montana,US,https://pmimtchapter.org/,OK,requests_polite,Welcome | PMI Montana,2779,Welcome to | PMI Montana Chapter | Advancing Project Management throughout the entire state of Montana and Northern Wyoming... | Welcome to | PMI Montana Chapter | Advancing Project Management throughout the entire state of Montana and Northern Wyoming... | Welcome to | PMI Montana Chapter | Advancing Project Manag
PMI Southern Nevada Chapter,Nevada,US,https://pmi-snc.org/,OK,requests_polite,Welcome to PMI Southern Nevada Chapter,6483,NAVIGATING CHAPTER CHANGE | Exciting news is on the horizon. Our chapter is growing and the Board recognizes a need to grow with it. This is why we are proposing Bylaw revisions that add two new roles to the group. In anticipation of these new opportunities for our members to engage and give back to
PMI Northern Nevada Chapter,Nevada,US,https://pmi-nnv.org/,OK,requests_polite,Welcome | PMI Northern Nevada,5435,"Welcome to the | PMI Northern Nevada Chapter | Become a member and take advantage of the knowledge and networking available near you through our PMI chapter. | Click Here | Upcoming Events | April | 17 | 2026 | $150.00 | Professional Development Day | April 17th, 2026 | 9:00AM to 4:30PM | Greater Nevada Field | [Click h"
PMI New Hampshire Chapter,New Hampshire,US,https://pmi-nh.org/,FAILED,all_failed,,0,
PMI New Jersey Chapter,New Jersey,US,https://www.pminj.org/,OK,requests_polite,PMINJ Home,2202,PMINJ Home | Upcoming Events | Apr 16 | 7:00 pm | Construction LCI | BIM + AI-Enabled PMO | 39 | Dr. Harri Emari | Apr 17 | 8:30 AM | Career Fair | 73 | Keynote - Tamarra Causley Robinson | Apr 18 | 9:30 AM | New Member Orientation | 6 | Mark Barash | Apr 21 | 7:00 pm | Monthly Program - Virtual | Negotiating for Optimal Outcome
PMI Otowi Bridge Chapter,New Mexico,US,https://pmi-ob.org/,OK,requests_polite,Welcome | PMI Otowi Bridge,2828,"Welcome to the | PMI Otowi Bridge, New Mexico Chapter | PMI Otowi Bridge chapter serves Project Managers throughout Northern New Mexico, providing networking, learning and volunteer opportunities for members to grow and share experiences in a diverse environment. | The Otowi Bridge, built in 1924, over th"
PMI New York City Chapter,New York,US,https://pminyc.org/,OK,requests_polite,Welcome to PMI New York City Chapter | PMI New York City Chapter,5976,"Welcome to the | PMI New York City Chapter | The New York City Chapter (PMINYC) offers a variety of educational experiences, with opportunities to earn PDUs, to support and advance the careers of its membership. | Become a Member | FEATURE EVENTS | PMINYC Members Only - | Virtual Midday Mixers | PMINYC is host"
PMI Long Island Chapter,New York,US,https://pmilic.org/,OK,requests_polite,Welcome to PMI Long Island Chapter,3668,PMP Study Group 1-25-26 | 01-25-2026 | 9:00 am | - | 10:00 am | Virtual | $10.00 | April 2026 General Chapter Meeting | 04-15-2026 | 6:00 pm | - | 7:45 pm | PMP Study Group 4-19-26 | 04-19-2026 | 9:00 am | - | 10:00 am | Virtual | $10.00 | PMP Study Group 4-26-26 | 04-26-2026 | 9:00 am | - | 10:00 am | Virtual | $10.00 | PMP Study G
PMI Westchester Chapter,New York,US,https://pmiwestchester.org/,OK,requests_polite,PMI Westchester | The hub of project management for Westchester and its neighbors,1078,"Welcome to Spring!  As we move into April, we are excited to share a few important updates and upcoming opportunities to connect with your PMI community. | April is Global Volunteer Month. Our Chapter succeeds because of the tireless efforts of our volunteers. This month is a reminder of the impact t"
PMI Hudson Valley Chapter,New York,US,https://pmihvc.org/,OK,requests_polite,PMI Hudson Valley,3862,"Welcome to PMI Hudson Valley Chapter | Become a member and take advantage of the knowledge and networking available near you through our PMI chapter. | Join PMI Hudson Valley | PMI-HVC Social Event at DuBois Farms! | Everyone had fun, including the dog! | The Crew at DuBois Farms | What's a farm without a tract"
PMI Upstate New York Chapter,New York,US,https://www.pmiuny.org/,OK,requests_polite,Home | PMI Upstate New York Chapter,1152,"Volunteer of Month | No blog posts to display | [[postTime]] | [[title]] | [[intro]] | Read more | Welcome to | PMI Upstate New York Chapter | UPCOMING EVENTS | April | Sun | Mon | Tue | Wed | Thu | Fri | Sat | 1 | 2 | 3 | 4 | 5 | 6 | 7 | 8 | 9 | 10 | 11 | 12 | 13 | 14 | 15 | 16 | 17 | 18 | 19 | 20 | 21 | 22 | 23 | 24 | 25 | 26 | 27 | 28 | 29 | 30 | April | 25 | th | , | 2026 | Volunteer with PMIUN"
PMI Rochester Chapter,New York,US,https://www.pmirochester.org/,OK,requests_polite,Home | PMI Rochester,892,"ESTABLISHED 1985 | PMI Rochester Chapter | We are the source and resource to enable our members to improve project, program, and portfolio performance for individuals and organizations in the Greater Rochester Region by fostering a vibrant and engaging community. | Get Involved | UPCOMING: | Friday April 17,"
PMI Syracuse Chapter,New York,US,https://pmi-syracuse.org/,OK,requests_polite,PMI Syracuse Chapter - Project Management Institute Syracuse,8080,"WELCOME TO PMI SYRACUSE! | ABOUT US | Learn more about us! | EVENTS | Engage with our chapter through networking opportunities, workshops, and community events. | GET INVOLVED | Join our volunteer community and contribute your skills to strengthen the chapter. | CERTIFICATIONS | Advance your project managem"
PMI Buffalo Chapter,New York,US,https://pmibuffalo.org/,OK,requests_polite,Welcome to PMI Buffalo Chapter,11848,"Welcome to | The PMI Buffalo Chapter | The PMI Buffalo Chapter was founded in 1995 to support the visions of PMI (Project Management Institute) in the Western New York area. The following pages describe the various activities of the chapter, some of the people that are actively involved in promoting pro"
PMI Binghamton Chapter,New York,US,https://pmi-binghamton.org/,OK,requests_polite,"Welcome | PMI Binghamton, NY Chapter",5317,". | . | . | Welcome to the | PMI Binghamton, NY Chapter | Upcoming Chapter Meetings: | April 16th - Demystifying Project Management Tools - Online Webinar > | LEARN MORE | May 21st - Round Table Discussion | June 18th - Monthly Chapter Meeting | July/August - Summer Break | Sept 17th - Monthly Meeting - Presenter"
PMI North Carolina Chapter,North Carolina,US,https://ncpmi.org/,OK,requests_polite,Welcome to PMI North Carolina Chapter,13998,"Board Message - April 2026 | Dear Members, | As we step into April, this season reminds us that growth requires intention. It calls us to lead with clarity, strengthen connection, and remain focused on the impact we create for our members. | Our work as a board is grounded in PMI’s core values. We stri"
PMI Carolina Chapter,North Carolina,US,https://pmicarolina.org/,OK,requests_polite,Home | PMI Carolina,2373,"WELCOME TO | PMI Carolina | Serving 61 North Carolina Counties from the mountains to the coast! | More Chapter Information | Upcoming Events! | April | Sun | Mon | Tue | Wed | Thu | Fri | Sat | 1 | 2 | 3 | 4 | 5 | 6 | 7 | 8 | 9 | 10 | 11 | 12 | 13 | 14 | 15 | 16 | 17 | 18 | 19 | 20 | 21 | 22 | 23 | 24 | 25 | 26 | 27 | 28 | 29 | 30 | April | 15 | th | , | 2026 | Chapter Connect: Quarterly M"
PMI Central Ohio Chapter,Ohio,US,https://www.pmicoc.org/,OK,requests_polite,Project Management | PMI Central Ohio Chapter | Columbus,1566,"Log In | Unite. Empower. Excel. | Forging connections to empower the project profession | Whether you're a seasoned professional or just starting your journey, our vibrant community is here to support, connect, and empower you. | Upcoming Events | Western Lake Erie's Spring PDD | Tue, Apr 14 | Bayside Hall | Buy T"
PMI Southwest Ohio Chapter,Ohio,US,https://pmiswohio.org/,OK,requests_polite,Welcome to PMI SW Ohio | PMI Southwest Ohio,1997,Welcome to the | PMI Southwest Ohio Chapter | The PMI Southwest Ohio Chapter has served its members and the Project Management profession for over 35 years. The objective was to provide a forum for PM professional development and networking and to develop leaders for both the Chapter and the Project Man
PMI Dayton / Miami Valley Chapter,Ohio,US,https://daytonpmi.org/,FAILED,all_failed,,0,
PMI Northeast Ohio Chapter,Ohio,US,https://pmineo.org/,OK,requests_polite,Welcome to PMI NEO | PMI Northeast Ohio,4263,"Welcome To the | PMI Northeast Ohio Chapter | PMI Northeast Ohio promotes Project Management as a recognized discipline by creating an environment that fosters professional development through continued learning, networking, and support for area project managers. | Become a Member | News | Volunteer | Upcomin"
PMI Oklahoma City Chapter,Oklahoma,US,https://pmiokc.org/,FAILED,all_failed,,0,
PMI Tulsa Chapter,Oklahoma,US,https://pmitulsa.org/,FAILED,all_failed,,0,
PMI Portland Chapter,Oregon,US,https://pmi-portland.org/,OK,requests_polite,Welcome to PMI Portland,10819,Featured Events | 2026 Annual Conference | 04-17-2026 | 8:00 am | - | 4:00 pm | Oregon Zoo | USD140.00 | PM in the AM (Westside PDX) | 04-23-2026 | 7:00 am | - | 8:00 am | Insomnia Coffee - Cedar MIll | Free | From Parallel Tracks to Shared Outcomes: Aligning  Project Management & Change Management [PARTNERSHIP with A
PMI Willamette Valley Chapter,Oregon,US,https://pmiwv.org/,FAILED,all_failed,,0,
PMI Keystone Chapter,Pennsylvania,US,https://pmi-keystone.org/,OK,requests_polite,Your local PMI chapter | PMI Keystone,935,"welcome to | The PMI Keystone Chapter | Calendar | Saturday April 18, 2026 at 2:00PM | Meet & Greet - Scranton Area | Monday May 4, 2026 at 9:00AM | PMP Certification - Exam Prep Course - May 2026 - Registration's Coupon Code | Tuesday June 16, 2026 at 9:00AM | PDD - Rising Above the Noise | Recent | Chapter News | No bl"
PMI Pittsburgh Chapter,Pennsylvania,US,https://pittsburghpmi.org/,OK,requests_polite,Home | PMI Pittsburgh Chapter,2156,"WELCOME TO THE | PMI Pittsburgh Chapter | Join 1,500+ project management professionals in the Pittsburgh Greater Region for networking and professional development opportunities. | About PMI Pittsburgh | CALL FOR SPEAKERS | Pittsburgh Chapter Professional Development Day | Submissions requested by September 22,"
PMI Ocean State Chapter,Rhode Island,US,https://ospmi.org/,OK,requests_polite,Welcome | PMI Ocean State,5594,Welcome to the | PMI Ocean State Chapter | Upcoming Events | No events to display | Featured Articles | No blog posts to display | [[postTime]] | [[title]] | [[intro]] | Read more | View All Articles | Professional Development | The Ocean State PMI Chapters goal is to support our Chapter members and assist them in achievin
PMI Palmetto Chapter,South Carolina,US,https://pmipalmetto.org/,FAILED,all_failed,,0,
PMI South Carolina Midlands Chapter,South Carolina,US,https://www.pmi-midlands.org/,OK,requests_polite,Welcome to PMI Midlands Chapter,5837,"Chapter Meetings & Events | Upcoming events | 29 | Apr | 2026 | Networking Social & Trivia Night | 04-29-2026 | 6:00 pm | - | 8:00 pm | $15 Members | $20 Non-Members | Join us on | Wednesday, April 29 | , at | 6:00 PM EDT | for an evening of connection, conversation, and fun at one of Columbia’s favorite gathering spot"
PMI Charleston SC Chapter,South Carolina,US,https://pmi-charleston.org/,FAILED,all_failed,,0,
PMI South Dakota Chapter,South Dakota,US,https://pmisd.org/,OK,requests_polite,Welcome | PMI South Dakota Chapter,3814,"Welcome to the | South Dakota Chapter of the Project Management Institute | Maximizing project success to elevate our world | Save the Date! Thursday, August 13th, 2026 | PMISD Annual Summit Day | @ The District, Sioux Falls - Registration Opens April 20th | Check out our new Military and Veteran Outreach Page"
PMI Nashville Chapter,Tennessee,US,https://pminashville.org/,FAILED,all_failed,,0,
PMI East Tennessee Chapter,Tennessee,US,https://etpmi.org/,FAILED,all_failed,,0,
PMI Memphis Chapter,Tennessee,US,https://pmimemphis.org/,OK,requests_polite,PMI Memphis Chapter | Project Management Institute Near You,23132,Your Career is a Project. | Your Career is a Project. | Your Career is a | Project | . | Your Career | is a | Project | . | Your Career is a | Project | . | Management Institute | Manage it Like One. | Manage it Like One. | Manage it Like One. | PMI Memphis is the city's leading community for project professionals.  Whether you'r
PMI Chattanooga Chapter,Tennessee,US,https://chattanoogapmi.org/,OK,requests_polite,Welcome | PMI Chattanooga Chapter,1701,"Upcoming Events | April | 16 | 2026 | Free | Network Event/Meet and Greet Topgolf | April 16th, 2026 | 6:00PM to 8:00PM | Topgolf | [Click here for Map and Directions] | Join Chattanooga PMI for some fun, high-energy networking at Topgolf. ⛳️ | Cost: | Read more | May | 6 | 2026 | Free | May 2026 Luncheon - Your Project Isn't"
PMI Dallas Chapter,Texas,US,https://pmidallas.org/,FAILED,all_failed,,0,
PMI Houston Chapter,Texas,US,https://pmihouston.org/,OK,requests_polite,Welcome to PMI Houston Chapter,4709,"Register Here! | Register Here! | S | M | T | W | T | F | S | 1 | 2 | 3 | 4 | 5 | 6 | 7 | 8 | 9 | 10 | 11 | 12 | 13 | 14 | 15 | 16 | 17 | 18 | 19 | 20 | 21 | 22 | 23 | 24 | 25 | 26 | 27 | 28 | 29 | 30 | See All Events | Global PMI Job Postings | Proudly Serving | 5,195+ | Members | Join Chapter | Events | Our Chapter events and monthly meetings ar"
PMI Austin Chapter,Texas,US,https://pmiaustin.org/,OK,requests_polite,Welcome to PMI Austin Chapter | PMI Austin,1885,"Join PMI Austin Chapter | Dedicated to advancing the practice, science, and profession of project leadership | Become a Member | Contribute & Grow | Seeking academic & industry experts to speak at our events | Become a Speaker | Blue Dot / Green Dot Job Program | Connecting job seekers and hiring organizations | LE"
PMI Fort Worth Chapter,Texas,US,https://fwpmi.org/,OK,requests_polite,Welcome to PMI Fort Worth Chapter,8034,Upcoming Events | April Lunch and Learn - How to Make Budgets Work (Virtual) | 04-14-2026 | 12:00 PM | - | 1:00 PM | Join us for our April Lunch and Learn on How to Make Budgets Work with Emily Bustos. | Register | Details | Book Club (Wichita Falls) | 04-18-2026 | 8:30 AM | - | 10:30 AM | 8th Street Coffee House | Go
PMI Alamo Chapter,Texas,US,https://alamopmi.org/,OK,requests_polite,Welcome to PMI Alamo Chapter,15949,"Welcome to | The PMI Alamo Chapter | The Alamo Project Management Institute (PMI) Chapter, also known as Alamo PMI, was established in 1995 as a non-profit, tax-exempt organization. As a local chapter of the Project Management Institute (PMI), Alamo PMI supports the professional development and growth o"
PMI Sun City / El Paso Chapter,Texas,US,https://pmielpaso.org/,OK,requests_polite,"Welcome | PMI Sun City - El Paso, Texas Chapter",4117,"Welcome to the | PMI Sun City - El Paso, Texas Chapter | Chapter Sponsor | Academy Leadership | Enroll Today Leader Excellence Course | Upcoming Events | April | 14 | 2026 | Virtual Board Meeting | April 14th, 2026 | 5:30PM to 6:30PM | Operations & metrics | Read more | April | 23 | 2026 | $15.00 | The Fine Art of People Power:"
PMI Northern Utah Chapter,Utah,US,https://projectmanager.org/,FAILED,all_failed,,0,
PMI Champlain Valley Chapter,Vermont,US,https://pmicv.org/,OK,requests_polite,Welcome | PMI Champlain Valley,4627,"Welcome to the | PMI Champlain Valley Chapter | Upcoming Events | Friday April 17, 2026 at 8:30AM | Coffee Talk - Join us on Friday, 4/17 at Kestrel Coffee Roasters - South Burlington | Wednesday May 20, 2026 at 5:30PM | Quarterly Speaker Series - Join us for an evening of learning at Mamava | Upcoming events | Apr"
PMI Hampton Roads Chapter,Virginia,US,https://pmihr.org/,FAILED,all_failed,,0,
PMI Central Virginia Chapter,Virginia,US,https://pmicvc.org/,OK,requests_polite,Welcome | PMI Central Virginia Chapter,1519,"PMI Central Virginia Chapter | Upcoming Events | April | 14 | 2026 | ProjectBites - April 14, 2026 | April 14th, 2026 | 12:00PM to 1:00PM | Members: This is a free event for you. Register on the ProjectBites site, utilizing the discount code for Project Bites found in the newsletter. This detail is provided towa"
PMI Puget Sound Chapter,Washington,US,https://pugetsoundpmi.org/,FAILED,all_failed,,0,
PMI Inland Northwest Chapter,Washington,US,https://pmiinw.org/,FAILED,all_failed,,0,
PMI Columbia River Basin Chapter,Washington,US,https://pmicrb.org/,FAILED,all_failed,,0,
PMI Washington DC Chapter,Washington DC,US,https://www.pmiwdc.org/,OK,requests_polite,PMIWDC,5712,"Skip to main content | Welcome to the PMI Washington, DC Chapter | Share | Share | X | Post | Share | Copy Link | Sponsor: University of Management and Technology | ↗ | Volunteer with us | PMIWDC A | dverti | se | WHY PMIWDC | We are a group of high impact community leaders, here to empower professionally diverse members"
PMI West Virginia / Ohio Valley Chapter,West Virginia,US,https://wvovpmi.org/,OK,requests_polite,PMI West Virginia Ohio Valley Chapter,1177,"Since the pandemic (2019), the chapter has been struggling with having sufficient volunteers to fill the various board positions.  We have been working with limited support for several years.  Without a full board, the chapter cannot continue to support the membership.  At this point, the WVOV Board"
PMI Milwaukee Chapter,Wisconsin,US,https://pmi-milwaukee.org/,OK,requests_polite,Welcome to PMI Milwaukee - Southeast WI | PMI Milwaukee / Southeast Wisconsin,2347,PMI MKE/SE WI 2026-2027 BOARD OF DIRECTORS ELECTION | THE RESULTS ARE IN! | 2026-2027 BOARD OF DIRECTORS ELECTION | INTERESTED IN GETTING PMP CERTIFIED? | PLEASE SEND AN EMAIL TO STUDYGROUPS@PMI-MilWAUKEE.ORG | WE EXPECT TO HAVE THE GROUP START IN JANUARY 2026 | April | Sun | Mon | Tue | Wed | Thu | Fri | Sat | 1 | 2 | 3 | 4 | 5 | 6 | 7
PMI Madison Chapter,Wisconsin,US,https://pmi-madison.org/,OK,requests_polite,Welcome to PMI Madison | PMI Madison / South Central Wisconsin,1556,"Welcome to the | PMI Madison Chapter | Empowering Greater Madison's project professionals through leadership, learning, and a strong community of support. | Not a member? Learn more about the benefits of membership and join today! | Become a Member | Upcoming events | Wednesday April 15, 2026 at 6:00PM | PMP Exam"
PMI Northeast Wisconsin Chapter,Wisconsin,US,https://pmi-new.org/,OK,requests_polite,Welcome | PMI Northeast Wisconsin,5238,"Welcome to | PMI Northeast Wisconsin | About PMI-NEW | Get Involved | Find a Volunteer Opportunity | Make your mark on our PMI Chapter and the profession. As a member, you can volunteer to work on and to lead activities that advance the profession and support the chapter business operations by joining our ch"
PMI La Crosse - Rochester Chapter,Wisconsin,US,https://pmilacrosse-rochester.org/,FAILED,all_failed,,0,
PMI Canadian West Coast Chapter,British Columbia,Canada,https://pmi.bc.ca/,OK,playwright,Home - PMI - Canadian West Coast Chapter,4866,"Upcoming Event | PMWest 2026 | Behind every successful project is a network of people who show up, share ideas, and support each other through change. In a world where work is faster, more complex, and […] | Nov 5, 2026 @ 08:00am | Nov 6, 2026 @ 05:00pm | Virtual | Free | Register Now | Upcoming Event | When"
PMI Toronto Chapter,Ontario,Canada,https://www.pmitoronto.ca/,OK,requests_polite,One of the largest Chapters of the Project Management Institute | PMI Toronto,3737,"PROJECT WORLD * BUSINESS ANALYST WORLD CONFERENCE - 10% DISCOUNT AVAILABLE TO MEMBERS | Members save 10% with code: GCPMIT | Upcoming Events | April | 20 | 2026 | New Members Orientation & Networking | April 20th, 2026 | 7:00PM to 8:30PM | Virtual | During this virtual New Members Orientation, uncover the full pot"
PMI Lakeshore Ontario Chapter,Ontario,Canada,https://pmiloc.org/,FAILED,all_failed,,0,
PMI Canada's Technology Triangle Chapter,Ontario,Canada,https://pmi-ctt.org/,OK,requests_polite,Welcome | PMI Canada's Technology Triangle,4974,"Welcome to PMI-CTT | Canada's Technology Triangle Chapter, | PMI-CTT is a non-profit professional association which serves as a resource and knowledge base for the advancement of all project management professionals in Canada's Technology Triangle. PMI-CTT is centered in Kitchener-Waterloo Region,100 km"
PMI Ottawa Valley Outaouais Chapter,Ontario,Canada,https://www.pmiovoc.org/,OK,requests_polite,Home | PMI Ottawa Valley Outaouais Chapter,3791,"Welcome to the | Project Management Institute's Ottawa Valley Outaouais Chapter | Supporting the Ottawa Valley, Outaouais, Eastern Ontario and Western Quebec Regions in Canada for the past 40 years | Join Us Today! | VOLUNTEER WITH PMI OVOC | Come join us! | PMI OVOC MEMBERS AREA | Access to PMI OVOC members co"
PMI South Western Ontario Chapter,Ontario,Canada,https://pmiswoc.org/,FAILED,all_failed,,0,
PMI Montreal Chapter,Quebec,Canada,https://www.pmimontreal.org/en/,OK,requests_polite,Home | PMI Montréal,4464,"Go to content | Your web browser is out of date | Update your browser for more security and speed and a better experience on this site. | Update | Connect, empower and inspire | our members to improve our world. | We help project managers develop the skills, network and leadership necessary to excel in a changi"
PMI Southern Alberta Chapter,Alberta,Canada,https://pmisac.com/,OK,playwright,Robot Challenge Screen,48,pmisac.com | Checking the site connection security
PMI Northern Alberta Chapter,Alberta,Canada,https://pminac.com/,OK,requests_polite,Welcome to PMI Northern Alberta Chapter,4771,"Advance Your Project Management Career | Northern Alberta’s project management community for learning, leadership, and connection. | Upcoming Events | Register For Conference | Announcement: | Registrations for Conference 2026 Now Open. Early Access Pricing Ends on 15 April 2026. | • | Announcement: | Registra"
PMI North Saskatchewan Chapter,Saskatchewan,Canada,https://www.pminorthsask.com/,OK,requests_polite,Local PMI chapter in northern Saskatchewan | PMI North Saskatchewan Chapter,2734,Welcome to the PMI | North Saskatchewan Chapter | PMI North Saskatchewan is the local Project Management Institute chapter and leading project management professional association in northern Saskatchewan. | Learn More | Upcoming Events | April | Sun | Mon | Tue | Wed | Thu | Fri | Sat | 1 | 2 | 3 | 4 | 5 | 6 | 7 | 8 | 9 | 10 | 11 | 12 | 13 | 14 | 15
PMI Manitoba Chapter,Manitoba,Canada,https://pmimanitoba.org/,OK,requests_polite,Your local PMI chapter in Manitoba | PMI Manitoba Chapter,3094,Welcome to the PMI Manitoba Chapter | PMI Manitoba is the local Project Management Institute chapter and leading project management professional association in the province of Manitoba. | Learn More | Our Events | Visit our Events Calendar to view our quality member programming and networking opportunities.
PMI New Brunswick Chapter,New Brunswick,Canada,https://pminb.ca/,FAILED,all_failed,,0,
PMI Nova Scotia Chapter,Nova Scotia,Canada,https://pmins.ca/,OK,requests_polite,Welcome to PMI Nova Scotia | PMI Nova Scotia Website,1996,"Read more | Read more | Read more | Read more | PMI | Nova Scotia Chapter | PMI Nova Scotia has been providing professional development workshops, dinner meetings, seminars, and symposiums since 1998. The Chapter holds a variety of professional development programs and study groups to assist members and future"
PMI Southwest Virginia Chapter,Virginia,US,https://pmi-swva.org/,OK,requests_polite,Welcome | PMI Southwest Virginia,9727,Welcome to the | PMI Southwest Virginia Chapter | Thank you for visiting PMI Southwest Virginia Chapter. We are dedicated to serving the business and educational community of Southwest Virginia through the advancement of Project Management. We provide a forum for professional Project Managers to promot
PMI West Texas Chapter,Texas,US,https://www.pmiwtx.org/,FAILED,all_failed,,0,
PMI Coastal Bend Chapter,Texas,US,https://pmicbc.org/,OK,requests_polite,Welcome | PMI Coastal Bend Chapter,4650,"Welcome to the | PMI Coastal Bend Chapter | Grow your skills ! | More Information | Upcoming Events | April | 16 | 2026 | $15.00 | Bridging Cultures and Closing Gaps: Leading Multinational Teams in High‑Risk Environments | April 16th, 2026 | 5:30PM to 7:30PM | Chops & Eggs | [Click here for Map and Directions] | Cost: | Rea"
PMI Amarillo Chapter,Texas,US,https://pmiamarillo.org/,FAILED,all_failed,,0,
PMI Augusta-Aiken Chapter,Georgia/South Carolina,US,https://pmiaugustaaiken.org/,FAILED,all_failed,,0,
PMI Rio Grande Chapter,New Mexico,US,https://www.pmirgc.org/,OK,requests_polite,"Founded in 1985, and located in the greater Albuquerque, New Mexico metro area | PMI Rio Grande Chapter",830,"Where Project Leaders Connect and Grow | JOIN US! | LEARN MORE | UPCOMING EVENTS! | April | 20 | 2026 | Nourish, Networking & Insights | April 20th, 2026 | 6:00PM to 8:00PM | Measuring the Machine: Metrics for AI-Augmented Scrum Teams | Possible 2 PDU | Cost: | Read more | May | 8 | 2026 | Noontime Knowledge | May 8th, 2026 | 1"
PMI Vancouver Island Chapter,British Columbia,Canada,https://www.pmivi.org/,OK,requests_polite,Welcome | PMI Vancouver Island,2624,"Welcome to the | PMI Vancouver Island Chapter | Upcoming Events | April | 23 | 2026 | From Avoidance to Alignment: Preparing for Difficult Stakeholder Conversations | April 23rd, 2026 | 12:00PM to 1:00PM | Even strong project plans stall when difficult conversations are delayed or handled reactively. This session"
PMI Durham Highlands Chapter,Ontario,Canada,https://pmi-dhc.ca/,FAILED,all_failed,,0,
PMI South Saskatchewan Chapter,Saskatchewan,Canada,https://pmisouthsask.org/,FAILED,all_failed,,0,
PMI Levis-Quebec Chapter,Quebec,Canada,https://pmiquebec.qc.ca/,OK,requests_polite,"PMI Lévis-Québec, association francophone en gestion de projet",2478,"Accueil | Équipe WDI | Dédié à la promotion | des bonnes pratiques | en gestion de projet | Le PMI Lévis-Québec | Unique association entièrement francophone des professionnels en gestion de projet d’Amérique du nord. Le PMI Lévis-Québec organise des activités de réseautage, des conférences et un colloque ann"
PMI Newfoundland & Labrador Chapter,Newfoundland,Canada,https://www.pminl.ca/,OK,requests_polite,Home | PMI Newfoundland and Labrador,3088,Welcome to Project Management Institute  Newfoundland and Labrador! | PMINL provides its members with professional development and networking opportunities to help increase project management knowledge  and make connections in the professional community. | Learn More | Benefits of Becoming a Member | We loo
PMI South Alabama Chapter,Alabama,US,https://pmisouthalabama.org/,OK,requests_polite,PMI South Alabama Chapter,3339,Events | Networking | PDUs | The PMI® South Alabama Chapter promotes the growth and development of project management practitioners and builds awareness of the project management discipline and its critical role in business and organization success. Making the PMI® certified project management disciplin
PMI Pikes Peak Regional Chapter,Colorado,US,https://pmipprc.org/,FAILED,all_failed,,0,
PMI Western Lake Erie Chapter,Ohio,US,https://pmiwlec.org/,FAILED,all_failed,,0,
PMI Southwest Missouri Chapter,Missouri,US,https://pmiswmo.org/,FAILED,all_failed,,0,
PMI Olympia Washington Chapter,Washington,US,https://pmiolympia.org/,OK,requests_polite,"Welcome to PMI Olympia | PMI Olympia, Washington Chapter",3151,"Welcome to | PMI Olympia Chapter | “Empowering Project Management Professionals” | About our chapter | SAVE THE DATE! | PMI Olympia Chapter | Professional Development Conference 2026 | June 5, 2026 | Capital Event Center | 7:30 am PST | Join us for an upcoming event! | April | 16 | 2026 | Free | Coffee Connect | April 1"
PMI Southern Caribbean Chapter,Caribbean,International,https://pmiscc.org/,OK,requests_polite,Welcome to PMI Southern Caribbean | PMI Southern Caribbean Chapter,2632,"Welcome to | PMI Southern Caribbean Chapter | Become a member and take advantage of the knowledge and networking available near you through our PMI chapter. | Upcoming events | Wednesday April 22, 2026 at 12:00AM | Earth Day | Tuesday May 12, 2026 at 12:00AM | International PMO Day | Tuesday May 26, 2026 at 12:00A"
PMI Puerto Rico Chapter,Puerto Rico,US Territory,https://pmipr.org/,FAILED,all_failed,,0,
